name1_old,name1_new,email1_old,email1_new,date1_old,date1_new,phone1_old,phone1_new,id1_old,id1_new
Paul Schneider,John Doe,paul.schneider@example.com,john.doe@example.com,23.10.1982,01.01.1990,304494487,123456789,432546506,987654321
Paul Schneider,Jane Smith,paul.schneider@example.com,jane.smith@example.com,23.10.1982,02.02.1991,304494487,9876543210,432546506,123456789
Paul Schneider,John Doe,paul.schneider@example.com,john.doe@example.com,23.10.1982,01.01.1991,304494487,19629629631,432546506,123456790
Paul Schneider,Jane Smith,paul.schneider@example.com,jane.smith@example.com,23.10.1982,02.02.1992,304494487,29382716052,432546506,123456791
Paul Schneider,John Doe,paul.schneider@example.com,john.doe@example.com,23.10.1982,01.01.1992,304494487,39135802473,432546506,123456792
Paul Schneider,Jane Smith,paul.schneider@example.com,jane.smith@example.com,23.10.1982,02.02.1993,304494487,48888888894,432546506,123456793
Paul Schneider,John Doe,paul.schneider@example.com,john.doe@example.com,23.10.1982,01.01.1993,304494487,58641975315,432546506,123456794
Paul Schneider,Jane Smith,paul.schneider@example.com,jane.smith@example.com,23.10.1982,02.02.1994,304494487,68395061736,432546506,123456795
Paul Schneider,John Doe,paul.schneider@example.com,john.doe@example.com,23.10.1982,01.01.1994,304494487,78148148157,432546506,123456796
Paul Schneider,Jane Smith,paul.schneider@example.com,jane.smith@example.com,23.10.1982,02.02.1995,304494487,87901234578,432546506,123456797
Paul Schneider,John Doe,paul.schneider@example.com,john.doe@example.com,23.10.1982,01.01.1995,304494487,97654320999,432546506,123456798
Paul Schneider,Jane Smith,paul.schneider@example.com,jane.smith@example.com,23.10.1982,02.02.1996,304494487,1.07407E+11,432546506,123456799
Paul Schneider,John Doe,paul.schneider@example.com,john.doe@example.com,23.10.1982,01.01.1996,304494487,1.1716E+11,432546506,123456800
Paul Schneider,Jane Smith,paul.schneider@example.com,jane.smith@example.com,23.10.1982,02.02.1997,304494487,1.26914E+11,432546506,123456801
Paul Schneider,John Doe,paul.schneider@example.com,john.doe@example.com,23.10.1982,01.01.1997,304494487,1.36667E+11,432546506,123456802
Paul Schneider,Jane Smith,paul.schneider@example.com,jane.smith@example.com,23.10.1982,02.02.1998,304494487,1.4642E+11,432546506,123456803
Paul Schneider,John Doe,paul.schneider@example.com,john.doe@example.com,23.10.1982,01.01.1998,304494487,1.56173E+11,432546506,123456804
Paul Schneider,Jane Smith,paul.schneider@example.com,jane.smith@example.com,23.10.1982,02.02.1999,304494487,1.65926E+11,432546506,123456805
Paul Schneider,John Doe,paul.schneider@example.com,john.doe@example.com,23.10.1982,01.01.1999,304494487,1.75679E+11,432546506,123456806
Paul Schneider,Jane Smith,paul.schneider@example.com,jane.smith@example.com,23.10.1982,02.02.2000,304494487,1.85432E+11,432546506,123456807
Paul Schneider,John Doe,paul.schneider@example.com,john.doe@example.com,23.10.1982,01.01.2000,304494487,1.95185E+11,432546506,123456808
Paul Schneider,Jane Smith,paul.schneider@example.com,jane.smith@example.com,23.10.1982,02.02.2001,304494487,2.04938E+11,432546506,123456809
Paul Schneider,John Doe,paul.schneider@example.com,john.doe@example.com,23.10.1982,01.01.2001,304494487,2.14691E+11,432546506,123456810
Paul Schneider,Jane Smith,paul.schneider@example.com,jane.smith@example.com,23.10.1982,02.02.2002,304494487,2.24444E+11,432546506,123456811
